{
  "model_type": "linear_pairwise_ranker",
  "version": 1,
  "strategy": "aggressive",
  "data_files": [
    "data\\aggressive_001.jsonl",
    "data\\aggressive_002.jsonl",
    "data\\aggressive_003.jsonl",
    "data\\aggressive_004.jsonl",
    "data\\aggressive_005.jsonl",
    "data\\aggressive_006.jsonl",
    "data\\aggressive_007.jsonl",
    "data\\aggressive_008.jsonl",
    "data\\aggressive_009.jsonl",
    "data\\aggressive_010.jsonl"
  ],
  "episode_ids": [
    "aggressive_001",
    "aggressive_002",
    "aggressive_003",
    "aggressive_004",
    "aggressive_005",
    "aggressive_006",
    "aggressive_007",
    "aggressive_008",
    "aggressive_009",
    "aggressive_010"
  ],
  "negatives_per_step": 80,
  "epochs": 45,
  "rule_blend_weight": 2.0,
  "weights": {
    "cand_wx": -0.06602984231894973,
    "cand_wz": -0.6840560793199714,
    "cand_x0": -0.06848578736023012,
    "cand_x1": -0.04204560946911285,
    "cand_world_cx": -0.05183389193743045,
    "cand_world_cz": -0.5411596401016737,
    "cand_contact_width": 0.6587037323258427,
    "cand_support_count": -0.15350551544588797,
    "cand_brick_contact_width": 0.4079555862929406,
    "cand_low_height_bonus": -0.5413434502346139,
    "cand_height_penalty": 0.04887335486606632,
    "cand_margin_after": 1.4780421595852795,
    "cand_margin_delta": 1.4498493835654978,
    "cand_reach_gain": -0.5171126610852494,
    "cand_closure_gain": -0.7373913571199102,
    "cand_gap_coverage_after": -0.442419013592893,
    "cand_balance_gain": 0.7183073598034945,
    "brick_E": 1.0303848055043445,
    "brick_F'": -0.17711063673075095,
    "cand_stable_by_model": -0.16648756634121198,
    "eng_aggressive_progress": -0.5171126610852494,
    "rule_aggressive_score": 0.79107415181838,
    "rule_stable_bonus": -0.22475821456063597,
    "rule_margin_bonus": 0.5344987063208827,
    "rule_reach_gain": 1.3830419569374524,
    "rule_closure_gain": -0.13986172819789552,
    "rule_brick_lock_quality": 0.6119333794393934,
    "rule_contact_quality": 0.8782716431011521,
    "cand_support_owner_count": 0.35528607168573967,
    "cand_support_brick_count": 0.34531142890435357,
    "brick_D": 0.75008393989202,
    "brick_E'": 0.5553517275960826,
    "eng_locks_two_supports": -0.2876477765089716,
    "eng_lock_span_quality": 1.221344056096356,
    "eng_cantilever_after_reinforce": 0.14949088771967486,
    "eng_downhill_stair_penalty": -0.5257044860157317,
    "rule_locks_two_supports": -0.2876477765089716,
    "rule_lock_span_quality": 1.221344056096356,
    "rule_multi_support_quality": 2.368573811238265,
    "rule_cantilever_after_reinforce": 0.14949088771967486,
    "rule_progress_after_stall": 1.6488753357991301,
    "rule_vertical_stack": -0.29138818277465717,
    "rule_downhill_stair_penalty": -0.5257044860157317,
    "rule_stall_penalty": 0.3555372663429607,
    "brick_B'": -0.4622313002279287,
    "side_L": 1.0601848076650195,
    "side_R": -1.0601848076650195,
    "cand_left_component_contact": -0.9625706988927575,
    "cand_right_component_contact": 0.9503603888264008,
    "brick_A": -0.9204830641864613,
    "brick_C'": -1.7516359860168351,
    "cand_base_contact_width": 1.0327952843360826,
    "cand_support_base_count": 0.04194596523618622,
    "cand_support_efficiency": 3.7328694939144884,
    "cand_foundation_gain": -1.3625529584637768,
    "cand_side_util_gain": -3.6927775602935498,
    "cand_is_foundation_move": 0.8389193047237254,
    "eng_low_foundation_fill": 0.3288247651128076,
    "rule_low_foundation_fill": 0.3288247651128076,
    "rule_high_before_foundation": 1.0303045922010554,
    "rule_base_contact": 1.377060379114784,
    "eng_locks_overhanging_support": 0.3954680344581219,
    "rule_locks_overhang": 0.3954680344581219,
    "brick_C": 1.0153491368275311,
    "eng_center_foundation_island_penalty": 0.4559437748452115,
    "rule_center_foundation_island_penalty": 0.4559437748452115,
    "brick_F": 0.5170681664639594,
    "brick_A'": -3.946346128126457,
    "brick_B": 0.0430280990709897,
    "eng_reinforce_after_cantilever": -0.4348726158268688,
    "rule_reinforce_after_cantilever": -0.4348726158268688,
    "cand_spans_both_components": -0.23542566938424295,
    "cand_closes_bridge": -0.23542566938424295,
    "cand_trapped_void_penalty": -0.5243763226167841
  },
  "feature_count": 74
}