{
  "model_type": "linear_pairwise_ranker",
  "version": 1,
  "strategy": "conservative",
  "data_files": [
    "data\\conservative_001.jsonl",
    "data\\conservative_002.jsonl",
    "data\\conservative_003.jsonl",
    "data\\conservative_004.jsonl",
    "data\\conservative_005.jsonl",
    "data\\conservative_006.jsonl",
    "data\\conservative_007.jsonl",
    "data\\conservative_008.jsonl",
    "data\\conservative_009.jsonl",
    "data\\conservative_010.jsonl"
  ],
  "episode_ids": [
    "conservative_001",
    "conservative_002",
    "conservative_003",
    "conservative_004",
    "conservative_005",
    "conservative_006",
    "conservative_007",
    "conservative_008",
    "conservative_009",
    "conservative_010"
  ],
  "negatives_per_step": 40,
  "epochs": 35,
  "rule_blend_weight": 2.0,
  "rule_score_key": "rule_conservative_score",
  "weights": {
    "cand_wx": -0.07967035254408866,
    "cand_x0": -0.08127275961493101,
    "cand_x1": -0.07479183985301004,
    "cand_world_cx": -0.07563513128644388,
    "cand_world_cz": 0.17660664283399988,
    "cand_contact_width": 0.8199153161733462,
    "cand_support_count": -0.040863974826031185,
    "cand_brick_contact_width": 0.7355178936444867,
    "cand_support_owner_count": 0.06607420057028329,
    "cand_support_brick_count": 0.013071843026964099,
    "cand_margin_after": 1.0167818641262436,
    "cand_margin_delta": 1.0123926559124423,
    "cand_reach_gain": -1.0986921742204776,
    "cand_closure_gain": -0.5573995556467535,
    "cand_gap_coverage_after": -0.33442778953842756,
    "cand_balance_gain": 0.018588740187925862,
    "brick_C'": -0.5904364575031436,
    "brick_D": 0.42293619081287515,
    "eng_locks_two_supports": 0.4167114276456702,
    "eng_lock_span_quality": 0.24823012660476493,
    "eng_downhill_stair_penalty": 0.490144213928722,
    "eng_aggressive_progress": -1.0986921742204776,
    "rule_aggressive_score": 0.050913370697741316,
    "rule_margin_bonus": 0.1364298734448123,
    "rule_reach_gain": 0.04150759082913933,
    "rule_closure_gain": -0.8645126384397436,
    "rule_locks_two_supports": 0.4167114276456702,
    "rule_lock_span_quality": 0.24823012660476493,
    "rule_brick_lock_quality": 1.1032768404667623,
    "rule_contact_quality": 1.093220421564472,
    "rule_multi_support_quality": 0.44049467046856733,
    "rule_progress_after_stall": -0.9467352387016325,
    "rule_downhill_stair_penalty": 0.490144213928722,
    "rule_stall_penalty": -0.25644584221817557,
    "rule_conservative_score": 0.19585163028019545,
    "rule_cons_margin_bonus": -0.46235360317374163,
    "rule_cons_margin_delta_bonus": 0.9923050166993462,
    "rule_cons_contact_quality": 1.093220421564472,
    "rule_cons_locks_two_supports": 0.4167114276456702,
    "rule_cons_lock_span_quality": 0.24823012660476493,
    "rule_cons_brick_lock_quality": 1.1032768404667623,
    "rule_cons_reach_gain": 1.19760659254088,
    "rule_cons_closure_gain": -0.38496466861664863,
    "rule_cons_periodic_progress": 0.00392208911301384,
    "rule_cons_weak_margin_penalty": -0.039190811506315336,
    "rule_cons_no_progress_penalty": -0.7750632182254075,
    "rule_cons_downhill_stair_penalty": 0.490144213928722,
    "cand_wz": 0.2197972451625779,
    "brick_C": 0.4877138054217427,
    "brick_F": 0.3600601517127012,
    "cand_right_component_contact": 0.6383475416328929,
    "cand_spans_both_components": -0.10103772930928315,
    "cand_closes_bridge": -0.10103772930928315,
    "cand_stable_by_model": -0.17051639697958426,
    "rule_stable_bonus": -0.2301971359224324,
    "rule_high_before_foundation": 0.5911033050325282,
    "rule_vertical_stack": -0.9278458716854436,
    "rule_cons_stable_bonus": -0.3410327939591685,
    "rule_cons_premature_height_penalty": 0.2214616791958621,
    "cand_low_height_bonus": -2.201477916215783,
    "cand_height_penalty": 0.009203074273717316,
    "brick_F'": -0.6940088136389219,
    "cand_left_component_contact": -0.6478801887318646,
    "rule_cons_height_penalty": 0.1288430398320427,
    "cand_base_contact_width": 0.808073244983716,
    "cand_support_efficiency": 3.590594263192381,
    "cand_foundation_gain": -0.16531325013887638,
    "cand_side_util_gain": -1.9238452229782657,
    "brick_A": 0.20942166652279698,
    "rule_base_contact": 1.0774309933116062,
    "rule_cons_foundation_gain": -0.16531325013887638,
    "rule_cons_side_util_gain": -1.9238452229782657,
    "rule_cons_base_contact_quality": 1.0774309933116062,
    "brick_B": -0.011023613631535525,
    "side_L": 0.27142417343258346,
    "side_R": -0.27142417343258346,
    "eng_cantilever_after_reinforce": 0.0831999178385152,
    "rule_cantilever_after_reinforce": 0.0831999178385152,
    "eng_center_foundation_island_penalty": -0.05463964578434783,
    "rule_center_foundation_island_penalty": -0.05463964578434783,
    "rule_cons_center_foundation_island_penalty": -0.05463964578434783,
    "brick_E": -0.20170668579198708,
    "brick_E'": 0.17667053915030873,
    "rule_cons_controlled_cantilever_after_repair": 0.5900108215867862,
    "brick_A'": -0.9324035664887775,
    "rule_cons_low_foundation_fill": -3.5407484328832832,
    "brick_B'": 0.25149488193573494,
    "cand_support_base_count": 0.24636379307012365,
    "cand_is_foundation_move": 4.927275861402496,
    "eng_locks_overhanging_support": 0.3273313661619649,
    "eng_low_foundation_fill": 0.3587169635599018,
    "rule_low_foundation_fill": 0.3587169635599018,
    "rule_locks_overhang": 0.3273313661619649,
    "rule_cons_locks_overhang": 0.3273313661619649,
    "eng_reinforce_after_cantilever": -0.4053980273570346,
    "rule_reinforce_after_cantilever": -0.4053980273570346,
    "rule_cons_repair_after_cantilever": -0.4053980273570346,
    "cand_trapped_void_penalty": 0.6974309261811558,
    "rule_cons_trapped_void_penalty": 0.6974309261811558
  },
  "feature_count": 99
}